{"cameraMode":{"drawMode":0,"name":"Shaded","section":"Shading Mode"},"sceneLighting":false,"audioPlay":false,"sceneViewState":{"m_AlwaysRefresh":false,"showFog":true,"showSkybox":true,"showFlares":true,"showImageEffects":true,"showParticleSystems":true,"showVisualEffectGraphs":true,"m_FxEnabled":true},"in2DMode":false,"pivot":{"x":-86.66156005859375,"y":-42.562129974365237,"z":832.039306640625},"rotation":{"x":-0.014687929302453995,"y":0.01649296283721924,"z":0.00024254772870335728,"w":0.999759316444397},"size":418.786376953125,"orthographic":false}